timestamp,temperature,vibration,pressure,failure
2025-01-01 00:00:00,77.48357076505616,0.03399355436586002,0.8649643450051236,0
2025-01-01 01:00:00,74.30867849414408,0.029246336829127688,0.9710962658568965,1
2025-01-01 02:00:00,78.23844269050346,0.02059630369920174,0.8415160158000077,0
2025-01-01 03:00:00,82.61514928204012,0.013530632222944261,0.9384076940721919,0
2025-01-01 04:00:00,73.82923312638331,0.0269822331361359,0.6212770666092429,0
2025-01-01 05:00:00,73.8293152152541,0.023934853854217494,1.0426587414745878,0
2025-01-01 06:00:00,82.89606407753696,0.028951932200277322,1.0002410950724447,0
2025-01-01 07:00:00,78.83717364576455,0.026351718016819695,0.8365822737863619,0
2025-01-01 08:00:00,72.65262807032524,0.030495527153193352,1.131849133686481,0
2025-01-01 09:00:00,77.71280021792982,0.014647647884394321,1.1875140275253118,0
2025-01-01 10:00:00,72.68291153593769,0.033173940656343257,0.6784880271262052,0
2025-01-01 11:00:00,72.67135123214871,0.021975996046923997,0.8474550442867571,0
2025-01-01 12:00:00,76.20981135783018,0.04075260872625265,0.8461715300425403,0
2025-01-01 13:00:00,65.43359877671101,0.013108121819104323,0.812019379778227,0
2025-01-01 14:00:00,66.37541083743484,0.037359638031652494,1.1658949683863498,0
2025-01-01 15:00:00,72.18856235379513,0.021979107834626477,0.9612347722454393,0
2025-01-01 16:00:00,69.93584439832789,0.013485819963855516,0.9470970317378778,0
2025-01-01 17:00:00,76.57123666297637,0.015161141659456784,0.5992275271186494,0
2025-01-01 18:00:00,70.45987962239394,0.0167965269180568,1.1270836060418452,0
2025-01-01 19:00:00,67.93848149332354,0.024241659464019166,0.7521483210293055,0
2025-01-01 20:00:00,82.32824384460777,0.025228354880355,1.0119865260532657,0
2025-01-01 21:00:00,73.87111849756732,0.01426299996061421,1.0554753875916383,0
2025-01-01 22:00:00,75.33764102343962,0.01975645407739017,1.2721317191677302,0
2025-01-01 23:00:00,67.87625906893271,0.04142270358611864,0.7382359201761776,0
2025-01-02 00:00:00,72.27808637737408,0.03727543170100711,0.3960975688358349,0
2025-01-02 01:00:00,75.55461294854933,0.02436323669674032,1.036769908950739,0
2025-01-02 02:00:00,69.24503211288848,0.020380034781682002,1.3601022363021706,0
2025-01-02 03:00:00,76.87849009172837,0.021200313267182615,1.2477892705878875,0
2025-01-02 04:00:00,71.99680655040598,0.026135179727304166,1.0419318830549251,0
2025-01-02 05:00:00,73.54153125103362,0.009772074348015945,0.9016727628735905,0
2025-01-02 06:00:00,71.99146693885301,0.01742623462576655,1.1614245193274622,0
2025-01-02 07:00:00,84.26139092254469,0.0033141592612241054,0.8052907600591063,0
2025-01-02 08:00:00,74.93251387631032,0.023992231226052794,1.0952715538712439,0
2025-01-02 09:00:00,69.71144535522049,0.02647195939702741,1.1010940318333253,0
2025-01-02 10:00:00,79.11272456051594,0.01516813537700626,1.212041981499776,0
2025-01-02 11:00:00,68.89578175014489,0.035739867632900324,1.5519320077822156,0
2025-01-02 12:00:00,76.04431797502377,0.007742343369976588,1.0784831934357535,0
2025-01-02 13:00:00,65.20164938060113,0.0053562511979017985,0.8982072748585003,0
2025-01-02 14:00:00,68.35906975550785,0.02224451818559972,0.9948851375616011,0
2025-01-02 15:00:00,75.98430617934562,0.030470983026121546,0.6461848190221764,0
2025-01-02 16:00:00,78.69233289997705,0.03683927691457869,0.8610573737821884,0
2025-01-02 17:00:00,75.85684140594985,0.0154111573713106,0.9181435123773792,0
2025-01-02 18:00:00,74.4217585880588,0.030786808334312958,0.8951823204130815,0
2025-01-02 19:00:00,73.49448152205356,0.019614915304992927,1.0304709744067444,0
2025-01-02 20:00:00,67.60739004816287,0.018273727000591804,0.8355160135235599,1
2025-01-02 21:00:00,71.40077895802645,0.028836599374866725,1.2242061334648944,0
2025-01-02 22:00:00,72.69680614520107,0.026523228784134198,1.0000414129836395,0
2025-01-02 23:00:00,80.28561113109458,0.004236078430157508,0.9981399357722771,0
2025-01-03 00:00:00,76.71809144784231,0.034765403497258957,0.9344210566974165,0
2025-01-03 01:00:00,66.18479922318633,0.03380091354147452,1.0310381367717958,0
2025-01-03 02:00:00,76.62041984697397,0.013744372984904706,1.1650196529335268,0
2025-01-03 03:00:00,73.07458859791842,0.02395803533437409,0.8265739568578199,0
2025-01-03 04:00:00,71.6153899984702,0.024940301862827387,0.8683767021849487,0
2025-01-03 05:00:00,78.05838144420434,0.022606737658239073,0.9392547942446671,0
2025-01-03 06:00:00,80.15499761247976,0.014496948461545799,0.7308258153053571,0
2025-01-03 07:00:00,79.65640059558099,0.013283766320619485,0.8361484280557004,0
2025-01-03 08:00:00,70.80391238388681,0.019744459290085548,0.9047558252910681,0
2025-01-03 09:00:00,73.45393812074393,0.03172729019259365,1.1748778361425456,0
2025-01-03 10:00:00,76.65631715701782,0.025436001545944324,1.052512265800385,0
2025-01-03 11:00:00,79.8777256356118,0.016293856679138942,1.0387179822735089,0
2025-01-03 12:00:00,72.60412881077355,0.02771698710648345,1.1701795924335945,0
2025-01-03 13:00:00,74.07170511668092,-0.008485426206300755,0.9725256423201206,0
2025-01-03 14:00:00,69.46832512996986,0.03148765700372103,1.078092969985778,0
2025-01-03 15:00:00,69.01896687959665,0.0026028622122190037,0.9793556494135007,0
2025-01-03 16:00:00,79.06262911197099,0.01637559058596868,1.0530724698799256,0
2025-01-03 17:00:00,81.78120014285412,0.008803301053738562,0.8834482684776835,0
2025-01-03 18:00:00,74.63994939209833,0.007053185242790942,0.5122365683447141,0
2025-01-03 19:00:00,80.01766448946012,0.03160826787378519,0.9731441675627391,0
2025-01-03 20:00:00,76.80818012523817,0.015322987986881087,1.284549627219988,0
2025-01-03 21:00:00,71.77440122697438,0.02346503881730716,1.1852430804483185,0
2025-01-03 22:00:00,76.80697802754207,0.01953079421120816,1.1930794969182341,0
2025-01-03 23:00:00,82.69018283232984,0.024770408272231214,1.2472261443612436,0
2025-01-04 00:00:00,74.82086980445024,0.020768218910602553,1.0177315181922875,0
2025-01-04 01:00:00,82.82321827907003,0.007170077758114304,1.039463141481119,0
2025-01-04 02:00:00,61.901274479551276,0.029962668194471402,0.87646962091313,0
2025-01-04 03:00:00,79.10951252187611,0.015062434168386875,0.93678542879459,0
2025-01-04 04:00:00,75.43523534119086,0.00443418101340249,1.1231542299542283,0
2025-01-04 05:00:00,73.50496324767066,0.015718848390340875,1.2407768874337632,0
2025-01-04 06:00:00,75.45880388267751,0.03500759790634311,0.9721107448638001,0
2025-01-04 07:00:00,65.06215542699553,0.02850221742113493,0.9099621470297177,0
2025-01-04 08:00:00,73.90164056081244,0.01651347865592141,1.0001055917713195,0
2025-01-04 09:00:00,76.78556285755873,0.01650742295681571,1.120241349785823,0
2025-01-04 10:00:00,82.38947022370758,0.016783649487826173,0.7112290367732916,0
2025-01-04 11:00:00,72.40864890863176,0.04076747983560841,0.5407638093725524,0
2025-01-04 12:00:00,70.95753198553406,0.023819354522315532,0.8898926301016833,0
2025-01-04 13:00:00,72.49121478207732,0.024300416471910696,0.7558575148171682,0
2025-01-04 14:00:00,79.57701058851038,0.030302834540318423,0.8983719604705378,0
2025-01-04 15:00:00,76.64375554829843,0.022387891590265135,0.9704439362365057,0
2025-01-04 16:00:00,72.3511989811648,0.01740957854179297,0.9093503181953974,0
2025-01-04 17:00:00,77.56633716556678,0.01803650150915022,1.290493506894149,0
2025-01-04 18:00:00,75.4853877467402,0.019283987405859362,1.065348952920464,0
2025-01-04 19:00:00,79.84322495266444,0.019627777634901585,1.0600948719221657,0
2025-01-04 20:00:00,71.48973453061323,0.0272762954363698,1.1244414288086804,0
2025-01-04 21:00:00,73.36168926701116,0.020519458858072995,0.7722333764438462,0
2025-01-04 22:00:00,73.0394592343392,0.02732640077215579,1.2078223574840536,0
2025-01-04 23:00:00,67.68242525933941,0.019192834198914176,0.9848471426929081,0
2025-01-05 00:00:00,76.48060138532288,0.020786351903160905,1.1340961234482425,0
2025-01-05 01:00:00,76.30527636089944,1.7993154678923318e-05,0.7856285533919689,0
2025-01-05 02:00:00,75.02556728321231,0.029163276747024815,0.6892482467967871,0
2025-01-05 03:00:00,73.82706433312427,0.023464884758979926,1.1635779316050057,0
2025-01-05 04:00:00,67.92314628974793,0.029980101098596522,1.0752819052195033,0
2025-01-05 05:00:00,72.89677338617321,-0.008962553781936892,0.819589689128498,0
2025-01-05 06:00:00,73.28642741736616,0.04088374704780728,0.8260673837450612,0
2025-01-05 07:00:00,70.9886136538919,0.018604103718448263,1.2250869568829539,0
2025-01-05 08:00:00,74.19357144166996,0.031081828167375168,0.7621176214265344,0
2025-01-05 09:00:00,77.02025428407269,0.009600940728744692,1.3285345906511927,0
2025-01-05 10:00:00,84.43092950605265,0.0261277390506257,0.8198758530704262,0
2025-01-05 11:00:00,75.8728890641592,0.009465844368263438,1.1276783851216765,0
2025-01-05 12:00:00,76.28775195361382,0.01376231039304195,0.9342763048502031,0
2025-01-05 13:00:00,74.62777042116916,0.03914031353866786,1.1206374862164685,0
2025-01-05 14:00:00,65.4061439235048,0.018093175992366536,0.8911771995771615,0
2025-01-05 15:00:00,74.86743062275391,0.02217432873179723,0.9674414187855411,1
2025-01-05 16:00:00,75.30115104970513,0.028700677306887544,1.0081838350791443,0
2025-01-05 17:00:00,87.31621056242643,0.024956818879726048,0.7995625088437055,0
2025-01-05 18:00:00,74.03819517609439,0.021504189051435765,1.1481648690840252,0
2025-01-05 19:00:00,76.50773671166806,0.023649610024662253,0.8973572867056829,0
2025-01-05 20:00:00,74.82644115147379,0.04403415585238275,0.9542800169319963,0
2025-01-05 21:00:00,69.15660981190234,0.019423812029664145,0.8011301250782975,0
2025-01-05 22:00:00,80.7141140725751,0.022010990467149674,0.4875332682409379,0
2025-01-05 23:00:00,78.75966516343387,0.03050654396007612,0.9617944474799662,0
2025-01-06 00:00:00,78.95515973521523,0.031055259329579837,1.4825230843225832,0
2025-01-06 01:00:00,70.4530627260263,0.0318703030556038,1.1569208575796048,0
2025-01-06 02:00:00,82.0139715546805,0.02638730222029185,0.996147924053121,1
2025-01-06 03:00:00,67.9907446860386,0.008569950872695164,0.9474218341583465,0
2025-01-06 04:00:00,77.93428546900135,0.03633431532301096,1.0044931785624094,0
2025-01-06 05:00:00,85.95227812904989,0.00853654606981312,1.109423823035042,0
2025-01-06 06:00:00,70.04731837434656,0.02302635465239033,0.763837436938231,0
2025-01-06 07:00:00,72.16851135198614,0.012457241499806421,1.2228643389337743,0
2025-01-06 08:00:00,75.4982568254382,0.019358616534070075,1.1430762630882487,0
2025-01-06 09:00:00,72.48262172941901,0.023287624103034803,1.143637145141587,0
2025-01-06 10:00:00,67.24668284466934,0.023213572154502732,1.0876951477619454,0
2025-01-06 11:00:00,75.34281487403014,0.02421920754235285,1.003923331538798,0
2025-01-06 12:00:00,69.68848143136948,0.036137112690586476,1.134572247193364,0
2025-01-06 13:00:00,77.36796215317591,0.0245353430151398,1.1183628267482757,0
2025-01-06 14:00:00,70.40287882883098,0.017558433647093512,0.9291918578117953,0
2025-01-06 15:00:00,82.7496720250877,0.029640871682883575,0.8852796454206198,0
2025-01-06 16:00:00,71.08373353831881,0.03189470488924641,1.0203712590523972,0
2025-01-06 17:00:00,73.38969241897162,0.007723921848630076,1.3098040302990375,0
2025-01-06 18:00:00,79.06758608684835,0.025974000698498582,0.7521785848692198,0
2025-01-06 19:00:00,68.84567841783023,0.027011727423108985,0.706494946849512,0
2025-01-06 20:00:00,76.13729967302065,0.01702436496640008,1.0329521682473033,0
2025-01-06 21:00:00,81.53571377141213,0.0337570681331162,1.0101775403712037,0
2025-01-06 22:00:00,66.96258382719387,0.018499444129674733,1.0346683328740816,0
2025-01-06 23:00:00,75.92316929266153,0.02125576453471542,1.0487906395817002,0
2025-01-07 00:00:00,76.29941397124212,0.018269281757161304,0.955359549073039,0
2025-01-07 01:00:00,78.90911435888655,0.020155790475814676,1.2979726877204165,0
2025-01-07 02:00:00,68.81524644560959,0.009037249131047982,0.6798192043046969,0
2025-01-07 03:00:00,68.39771693457863,0.005599491174057057,0.8343005950439508,0
2025-01-07 04:00:00,77.60970782808448,0.035945050632249724,0.9793490479701905,0
2025-01-07 05:00:00,76.48492336616593,0.011530386516816721,0.6713622377691666,0
2025-01-07 06:00:00,76.25246425172938,0.010086076505436928,0.9648291191135858,1
2025-01-07 07:00:00,76.73224104748488,-0.0015339011360371475,1.3322940331456037,0
2025-01-07 08:00:00,71.59987639210755,0.013610382523104978,1.0041772976591923,0
2025-01-07 09:00:00,76.16126848580502,0.006769102065925016,1.0461401811437367,0
2025-01-07 10:00:00,76.46536236649341,0.03642015160136369,0.747967046965484,0
2025-01-07 11:00:00,71.42824290986816,0.03009817089342634,0.8767277183921045,0
2025-01-07 12:00:00,84.32887255572378,0.013118496548222763,0.9249607239352126,0
2025-01-07 13:00:00,77.36916460455893,0.04252435805344309,0.9364569806487532,0
2025-01-07 14:00:00,69.04348251398676,0.029817654869915944,1.2563287590007537,0
2025-01-07 15:00:00,78.28276804316914,0.016751686164913775,1.111538212145025,0
2025-01-07 16:00:00,70.1265916488634,-0.004994057148735732,0.7777084086125936,0
2025-01-07 17:00:00,78.93542301871226,0.04290942572590742,1.049300955686401,0
2025-01-07 18:00:00,80.79297789503703,0.00610427533236404,1.099644349699357,0
2025-01-07 19:00:00,70.89658840824144,0.003546012530431082,1.2280298077042533,0
2025-01-07 20:00:00,79.8168806462216,0.030225704320096403,1.3161081373136747,0
2025-01-07 21:00:00,77.06390463468249,0.04439752406339273,0.7969811616344262,0
2025-01-07 22:00:00,79.11030079997245,0.033842728185105184,0.8378284977579323,0
2025-01-07 23:00:00,84.48396491326974,0.025639091200523597,0.7484844282170767,0
2025-01-08 00:00:00,73.77305941998564,0.02594754341665286,0.9531960281786037,1
2025-01-08 01:00:00,71.23131917821256,0.028534155587803076,1.0932716748892668,0
2025-01-08 02:00:00,70.55242785187238,0.027589285897867653,1.1974669033178205,0
2025-01-08 03:00:00,70.92094857517282,0.022811914239693757,0.9848097952714955,0
2025-01-08 04:00:00,74.61449145292949,0.021042011039518763,0.9360304953490313,0
2025-01-08 05:00:00,76.70575987408321,0.019374068721004778,1.030351598449748,0
2025-01-08 06:00:00,76.38345399665009,0.012460354111333238,0.8329714196739954,0
2025-01-08 07:00:00,79.13591624518011,0.01719324923133226,1.4179077443389547,0
2025-01-08 08:00:00,75.06500945938953,0.0030704318580461465,0.6784677945763882,0
2025-01-08 09:00:00,82.26767038578659,0.019016603732052502,1.036948115779145,0
2025-01-08 10:00:00,73.67671583381022,0.010114088928490826,1.4047212438459278,0
2025-01-08 11:00:00,88.6008458329481,0.00896410682784229,1.0013599689119996,0
2025-01-08 12:00:00,78.12833673882503,0.021798941511534786,0.9619921929997011,0
2025-01-08 13:00:00,70.71421221791859,0.033920022863445996,0.9285109154379145,0
2025-01-08 14:00:00,69.64553750969444,0.02918316606002313,0.9639216636475184,0
2025-01-08 15:00:00,77.41236207621593,0.004294993963768229,1.274569694935306,0
2025-01-08 16:00:00,73.88268607337075,0.010103718634296625,0.5576276177340986,0
2025-01-08 17:00:00,78.57000247046047,0.02940771187988216,1.306686740259265,0
2025-01-08 18:00:00,77.36618812286773,0.010175126064616903,0.715208569509971,0
2025-01-08 19:00:00,74.63585543671563,0.017753668500029754,0.946669534153117,0
2025-01-08 20:00:00,70.76603140965797,0.02550052099024552,0.9141511159402677,0
2025-01-08 21:00:00,67.42576387657067,0.010316555451363648,1.117710653954144,0
2025-01-08 22:00:00,72.76742523966489,0.021053755061459598,0.6803751296232505,0
2025-01-08 23:00:00,79.28199397161737,0.006659745050817956,1.0924345332163885,0
2025-01-09 00:00:00,76.07046872065102,0.013986323560487863,1.4048619246573706,0
2025-01-09 01:00:00,68.77130610644006,0.02319781934142537,0.7273651990814378,0
2025-01-09 02:00:00,75.86590462925591,0.004070062664683308,1.0379412335220792,0
2025-01-09 03:00:00,76.92658689864419,0.02440474737960399,0.8676035644406782,0
2025-01-09 04:00:00,70.58071281899433,0.01980362201073319,1.0851774412386073,0
2025-01-09 05:00:00,75.76862552972764,0.02552489954417148,1.0038295554831504,0
2025-01-09 06:00:00,75.29104359223,0.022239141340646616,0.871702618191138,0
2025-01-09 07:00:00,69.28514851084688,0.03364140429973844,1.0975744569742147,0
2025-01-09 08:00:00,76.78893680174141,0.021252245026479072,1.3608696219573486,0
2025-01-09 09:00:00,77.80392263184117,0.01570594458874747,0.9618192416545402,0
2025-01-09 10:00:00,80.41525621587638,0.02122297503032284,1.1439515884296363,0
2025-01-09 11:00:00,80.26901026017451,0.02543298029036388,0.7413454084257672,0
2025-01-09 12:00:00,68.11165316021454,0.020488600703257042,0.8087127246363982,0
2025-01-09 13:00:00,70.31087480042439,0.020405916912038823,1.0944812555760755,0
2025-01-09 14:00:00,77.5751763360433,0.012980083121932447,1.296823205707193,0
2025-01-09 15:00:00,77.56892975456104,0.013370990824490519,1.0711226697571319,0
2025-01-09 16:00:00,77.57523843153024,0.005973947282003065,0.9373883938953691,0
2025-01-09 17:00:00,94.26365745327361,0.037495767431869394,0.9998582810846708,0
2025-01-09 18:00:00,77.85445255346583,0.00756136764608715,0.7499184532060565,0
2025-01-09 19:00:00,80.677828200903,0.013070948022040927,1.1209030652710734,0
2025-01-09 20:00:00,79.770008817466,0.012815927344308026,1.1764666124646819,0
2025-01-09 21:00:00,78.256956256529,0.028949243769444414,0.9095819334333839,0
2025-01-09 22:00:00,73.42365377679828,0.017050503217079724,0.9059915704480996,0
2025-01-09 23:00:00,78.79484610246634,0.03247742072673734,1.0531756459304098,0
2025-01-10 00:00:00,71.13587392731215,0.013265093757561314,0.9126560527918809,0
2025-01-10 01:00:00,73.81590696629996,0.02278994162223802,0.9867734770748355,0
2025-01-10 02:00:00,72.57318226085448,0.011646529467402427,1.419944357833303,0
2025-01-10 03:00:00,75.40937069693162,0.041451491277733885,0.9505948598508007,0
2025-01-10 04:00:00,86.57329283336755,0.008124015809704873,0.9283319695957556,0
2025-01-10 05:00:00,65.66367403704126,0.023098207102270275,0.8704916388729682,0
2025-01-10 06:00:00,78.43130095187257,0.026337768809320986,1.1488383942999874,0
2025-01-10 07:00:00,66.93642064405174,0.02413799097451498,0.9637551653563794,0
2025-01-10 08:00:00,72.64034067105283,0.018147123411222918,0.8701253923357148,0
2025-01-10 09:00:00,80.44475298483682,0.018701793002665737,1.2642608064546024,0
2025-01-10 10:00:00,75.32140009547732,0.020438114719791095,1.2839206009027275,0
2025-01-10 11:00:00,69.61127611035347,0.018529979983715115,0.879915286852259,0
2025-01-10 12:00:00,71.42348145370016,0.029638791167949097,0.6266920097278768,0
2025-01-10 13:00:00,78.39798874467338,0.042105230015913514,1.2015027379673844,0
2025-01-10 14:00:00,71.34816684141431,0.014425082149921664,0.8630740348479992,0
2025-01-10 15:00:00,76.08229294790988,0.006301970204209221,1.1581251198325537,1
2025-01-10 16:00:00,75.22785919951907,0.01911717951648745,0.6059792364576329,0
2025-01-10 17:00:00,71.74199826197092,0.04579709337654318,1.1785194676598618,1
2025-01-10 18:00:00,85.71972044662662,0.011963254320302692,0.7577656141438438,1
2025-01-10 19:00:00,78.16959511159006,0.036391168054440676,1.146152823813305,0
2025-01-10 20:00:00,64.87428706671196,0.03677700814076441,1.002854613567287,0
2025-01-10 21:00:00,75.93227157384713,0.014464117582920055,0.809212116120671,0
2025-01-10 22:00:00,71.69106767615806,0.025689830791852754,0.9185927374146439,0
2025-01-10 23:00:00,79.26216667398111,0.03628396623128538,1.13726369139134,0
2025-01-11 00:00:00,71.0373963078365,0.01620872259012513,1.0211788906230468,0
2025-01-11 01:00:00,74.4263177926655,0.01796419639897638,1.1168825960944968,0
2025-01-11 02:00:00,77.52493639490228,0.014183190860513563,1.395288116903097,0
2025-01-11 03:00:00,79.32877597085061,0.00985243269307133,0.6871516776577897,0
2025-01-11 04:00:00,68.99851796472112,0.01350722454933993,1.3234425149937248,0
2025-01-11 05:00:00,73.32749382079525,0.007760597332377436,1.0208711875046426,0
2025-01-11 06:00:00,72.62527344419522,0.020340834682592263,0.8202431903353744,0
2025-01-11 07:00:00,71.73335383713145,0.012300267689413582,0.733937274852202,0
2025-01-11 08:00:00,83.82727120140548,0.022337859117907477,0.9621759218445933,0
2025-01-11 09:00:00,77.02490855480478,0.004441043537963728,1.1843300223848918,0
2025-01-11 10:00:00,68.69558022832477,0.02330880232214457,0.9744901759244932,0
2025-01-11 11:00:00,79.58930973527389,0.02833528961608925,1.3022309860494694,0
2025-01-11 12:00:00,85.61078098506317,6.26435742854467e-05,0.7097648619896881,0
2025-01-11 13:00:00,80.16232630275573,0.02374056569847572,0.9975822104307891,0
2025-01-11 14:00:00,67.40315017022994,0.032276689924732926,0.7495213111173762,0
2025-01-11 15:00:00,72.57882963566874,0.007903589813087945,1.0727263765249935,0
2025-01-11 16:00:00,81.33455574593312,0.03672572386837704,1.1773774780194601,0
2025-01-11 17:00:00,71.4616526719061,0.02419019009366045,0.9158476412637894,1
2025-01-11 18:00:00,77.21909714073114,0.012949881442415913,0.4791572286745731,0
2025-01-11 19:00:00,78.87317026714669,0.01944230922342294,1.039789629359299,0
2025-01-11 20:00:00,70.36534764210958,0.025583269125217224,1.087347710346702,0
2025-01-11 21:00:00,74.702373219691,0.020760053914124117,1.0808589509923396,0
2025-01-11 22:00:00,58.79366329965464,0.025387559924463694,1.247156438364431,0
2025-01-11 23:00:00,69.87806179332856,0.010793264069206337,0.7857892640701902,0
2025-01-12 00:00:00,73.7371592430342,0.02169360824036078,1.13604322109009,0
2025-01-12 01:00:00,68.76108409017576,0.005862855030950197,1.238501502495595,1
2025-01-12 02:00:00,83.16205651965818,0.018887739386512996,0.6442824831986966,0
2025-01-12 03:00:00,67.84929311019684,0.010960923585352103,1.0639303651837955,0
2025-01-12 04:00:00,72.79977756651508,0.012644700574102333,0.8991640337984657,0
2025-01-12 05:00:00,75.65370288643045,0.032360931752104374,0.9836954653796708,0
2025-01-12 06:00:00,82.20636644533057,0.030913101205942692,1.0695352967076672,0
2025-01-12 07:00:00,67.82068924410281,0.02609138120907177,0.9025542871772896,0
2025-01-12 08:00:00,80.8158187607748,0.00907687235327421,0.8648583841676776,0
2025-01-12 09:00:00,75.05116530509794,0.016835915503051982,1.006830483497605,0
2025-01-12 10:00:00,70.09245674476024,0.03213097699979184,0.7825508122274395,0
2025-01-12 11:00:00,77.31051737131635,0.021417169136399048,0.7828349742229629,0
2025-01-12 12:00:00,75.99529847786735,0.04319329539981694,1.1358746565913007,0
2025-01-12 13:00:00,71.99891561420603,0.023933178393943717,0.7702411929682688,0
2025-01-12 14:00:00,75.3490104249501,0.021920491164900316,1.1332625001818424,0
2025-01-12 15:00:00,73.0734320156912,0.016908835357974987,1.0925182585707902,0
2025-01-12 16:00:00,75.56758672625624,0.02133540904782282,0.6548386542418807,0
2025-01-12 17:00:00,78.31065337260523,0.018475301636194562,0.864487069532869,0
2025-01-12 18:00:00,82.93008408072676,0.027081086766885906,1.2388218806094744,0
2025-01-12 19:00:00,68.81092250586576,0.029567023167945843,0.8037668937720637,0
2025-01-12 20:00:00,85.66516687328134,0.012140105394920506,0.9071191475381225,0
2025-01-12 21:00:00,65.23956100238749,0.006687670464422219,1.0924121786503793,0
2025-01-12 22:00:00,74.24107452482208,0.001637946268967034,1.156678101856519,0
2025-01-12 23:00:00,77.94158603242288,0.025079913269125436,0.9496922227911009,0
2025-01-13 00:00:00,76.40495933867517,0.008966333938261264,0.8804979610616717,0
2025-01-13 01:00:00,71.88650240089703,-0.0015289059295248292,1.2844739723397016,0
2025-01-13 02:00:00,73.95938874821363,0.02388578604530964,1.347779932759516,0
2025-01-13 03:00:00,72.53499532670584,0.04492999517432791,1.1957716101563591,0
2025-01-13 04:00:00,72.05317621527894,0.019939290884601068,1.0170636285130048,0
2025-01-13 05:00:00,79.24801048510513,0.02838490774451642,0.8383468556718148,0
2025-01-13 06:00:00,76.78507742982524,0.020818293585475652,0.833911118688687,0
2025-01-13 07:00:00,71.53545202369673,0.019011103468088573,1.1045028210531516,0
2025-01-13 08:00:00,79.49799937716625,0.02919076482987769,1.0836796441777368,0
2025-01-13 09:00:00,76.53649760438304,0.017097254558113485,1.2803197185892858,0
2025-01-13 10:00:00,79.06431059419481,0.02267392314071903,1.1300900185072278,0
2025-01-13 11:00:00,78.14814420961807,0.023216978061960138,0.6993839396480364,0
2025-01-13 12:00:00,70.85502494538964,0.013319095463569512,1.2103895235445838,0
2025-01-13 13:00:00,72.19909479901516,0.02992042349536523,0.8003878745371173,0
2025-01-13 14:00:00,78.7364680256163,0.018250402433045914,0.9232057456095297,0
2025-01-13 15:00:00,78.05185132716733,0.012442548405071554,1.0500400412503388,0
2025-01-13 16:00:00,74.89549203017926,0.025365098435704038,1.3991334979567929,0
2025-01-13 17:00:00,75.58663691654391,0.011015320182089628,1.6219837112010722,0
2025-01-13 18:00:00,81.38832447894212,0.020281811573691282,1.1213446118272365,0
2025-01-13 19:00:00,72.04214305582084,0.019908810033557964,0.9633606762559225,0
2025-01-13 20:00:00,77.7354869058502,0.03085895565831578,1.10690112969611,0
2025-01-13 21:00:00,73.98903673783053,0.02474698232879953,1.1775310851747673,0
2025-01-13 22:00:00,73.9115939838639,0.01974973041254856,0.9358664748885617,0
2025-01-13 23:00:00,80.49388425993595,0.02817766299200287,1.3590422711824646,0
2025-01-14 00:00:00,79.12708174494014,0.033902075490173135,1.0460141518382804,0
2025-01-14 01:00:00,79.06754818000319,0.025578103063518622,1.099548617818279,0
2025-01-14 02:00:00,81.52739403577165,0.020103526198433808,1.1331848504108923,0
2025-01-14 03:00:00,75.1050192081638,0.006881637676498405,1.0843173221228912,0
2025-01-14 04:00:00,78.40976485647482,0.009348863369246275,1.1677881000939225,0
2025-01-14 05:00:00,73.44866621703272,0.016947752956453323,0.8765493626906153,0
2025-01-14 06:00:00,76.62083176244221,0.013904877978407169,0.8883396492107939,0
2025-01-14 07:00:00,74.34928472816158,0.01813028697014554,0.779969153405661,0
2025-01-14 08:00:00,75.48497982496359,0.02056649924897107,1.0879002461240452,0
2025-01-14 09:00:00,77.97578512718457,0.02529692754356731,1.1557873007024229,0
2025-01-14 10:00:00,70.90889658383264,0.01929501221940909,1.091554573230377,0
2025-01-14 11:00:00,85.4619363784273,0.02486501643826202,1.3348984866695075,0
2025-01-14 12:00:00,69.96991309250149,0.020644744148101205,0.9988807962341907,0
2025-01-14 13:00:00,68.92905693606134,0.00024533433646128575,1.1337483311185026,0
2025-01-14 14:00:00,80.79055436750033,0.010606646061812457,0.7816598247721371,0
2025-01-14 15:00:00,78.95831346981468,0.018559124442783848,0.9225800595051198,0
2025-01-14 16:00:00,78.12059908526078,0.007903052571588924,1.1391075515131555,0
2025-01-14 17:00:00,78.1417275463214,0.025999287299962044,1.1698204221486288,0
2025-01-14 18:00:00,74.93876613576543,0.03530750832343697,0.9412066104671636,0
2025-01-14 19:00:00,70.51372814257084,0.03218761851697317,0.9856801496283867,0
2025-01-14 20:00:00,75.37902279096863,0.01786557129069792,0.6964252506638381,0
2025-01-14 21:00:00,71.61419144243945,0.03490726136849952,0.9285941598386781,0
2025-01-14 22:00:00,79.87559866708875,0.021486674572021115,1.1780766327039571,0
2025-01-14 23:00:00,74.2647130924893,0.016629140288819608,1.1150410032213132,0
2025-01-15 00:00:00,70.87251401603744,0.013865973364590603,1.1001331442762419,0
2025-01-15 01:00:00,73.39307079173503,0.01697530313511872,1.009954737436192,0
2025-01-15 02:00:00,77.06465727137812,0.016118231814587713,1.0014126317256353,0
2025-01-15 03:00:00,72.18137723598012,0.02170416222375488,0.8679357721053106,0
2025-01-15 04:00:00,70.88889802216784,0.021605739810498646,1.139765684040507,0
2025-01-15 05:00:00,76.21843605745956,0.020030460201534143,1.084194588877878,0
2025-01-15 06:00:00,76.22483285554361,0.0243693816974635,1.0984037695985598,0
2025-01-15 07:00:00,72.46528412314436,0.031906462747863414,0.8947930314664839,0
2025-01-15 08:00:00,72.64480847190839,0.02949554135441324,0.5693314160257511,0
2025-01-15 09:00:00,76.16024968678818,0.005151020315500965,1.2194305423507392,0
2025-01-15 10:00:00,67.75957829251338,-0.005539211349019548,0.9042325087983192,0
2025-01-15 11:00:00,67.96268112811723,0.029343199112392738,0.8274448471913759,0
2025-01-15 12:00:00,71.40777889373783,0.006331213015845789,1.1386957823827988,0
2025-01-15 13:00:00,73.93276424144076,0.017752345981073166,0.921597472016174,0
2025-01-15 14:00:00,76.55453782799002,0.008298869739406405,1.2119872768093245,0
2025-01-15 15:00:00,82.37678108474776,0.0019801956241998035,1.1234011899153395,0
2025-01-15 16:00:00,79.2882981160101,0.02541462728204788,1.1367138646400956,0
2025-01-15 17:00:00,74.20030735018287,0.027591551603026468,0.7268088577598931,0
2025-01-15 18:00:00,74.90491896048655,0.014234895992732807,1.2423887970772802,0
2025-01-15 19:00:00,69.98735317681096,-0.0059104229214490996,1.0522501062467713,0
2025-01-15 20:00:00,74.90743432003805,0.014537555517475173,0.9261445721507594,0
2025-01-15 21:00:00,73.5567068053993,0.023918040054025466,1.0286776934684503,0
2025-01-15 22:00:00,76.61359280169044,0.005210884312258713,0.644752953420336,0
2025-01-15 23:00:00,70.86384528223839,0.021833599197791556,1.0817305622961342,0
2025-01-16 00:00:00,77.59673257120586,0.019846901508270044,0.7941256983635857,0
2025-01-16 01:00:00,82.66369456501289,0.025792914996010885,0.7294659428312931,0
2025-01-16 02:00:00,74.45619925771571,0.021195803684141534,0.6955281627564218,0
2025-01-16 03:00:00,77.0085586104947,0.010269310591184445,1.222537674997985,0
2025-01-16 04:00:00,78.45071995855557,0.03196571501664491,0.8741473212614422,0
2025-01-16 05:00:00,72.99389764057082,0.0184147042697303,1.3067455419832998,0
2025-01-16 06:00:00,76.12046240905208,0.019726954604900683,0.8928397073895404,0
2025-01-16 07:00:00,75.06296200390898,0.01066732040926804,0.6585284084814107,0
2025-01-16 08:00:00,75.48838049274416,0.015567177488084897,0.7766951120102682,0
2025-01-16 09:00:00,71.13495108072267,0.01115197285973099,1.2471623240013878,1
2025-01-16 10:00:00,75.12255087129472,0.01827053940076577,0.9688203644126665,0
2025-01-16 11:00:00,77.48999145622724,0.037117084801423436,0.8903425407018798,0
2025-01-16 12:00:00,82.2557180389752,0.006280988570686437,1.0320036451705574,0
2025-01-16 13:00:00,79.79635413042604,0.0038643860212325895,1.100356547233509,1
2025-01-16 14:00:00,85.76591228755778,0.034711703274936084,1.2234797631804921,0
2025-01-16 15:00:00,71.16326218555976,0.01790676322848134,1.2896998459785853,0
2025-01-16 16:00:00,79.36160318360339,0.013309272613400834,0.9280462708421828,0
2025-01-16 17:00:00,75.91671002869175,0.030399046873960764,0.7347904627835924,0
2025-01-16 18:00:00,85.94901466608836,0.013943844602631358,0.9173069677753448,0
2025-01-16 19:00:00,70.95850857322424,0.038260097135469365,1.0520561013165772,0
2025-01-16 20:00:00,70.80139078909612,0.026779258713392692,0.8072482147578778,0
2025-01-16 21:00:00,72.0030367727799,0.015120885918542975,0.8085698170209914,0
2025-01-16 22:00:00,64.38052137845096,0.04157308213265504,1.068757576309977,0
2025-01-16 23:00:00,72.3712248915962,0.013942850769966616,0.9902695296859098,0
2025-01-17 00:00:00,71.20433669223151,0.02742095372009307,1.0065593990823174,0
2025-01-17 01:00:00,75.75196893238103,0.02299292580406492,0.8483009330599861,0
2025-01-17 02:00:00,76.70877987888579,0.033017412893987984,0.9539198571588465,0
2025-01-17 03:00:00,84.38085419607943,0.03561511196726853,0.8151533711463391,0
2025-01-17 04:00:00,79.75211919093024,0.020320041490657668,1.1780396822249575,0
2025-01-17 05:00:00,72.11548172168798,0.012465821296538166,1.2070498669447505,0
2025-01-17 06:00:00,70.50792664325822,0.024599721429391166,0.6307624275523812,0
2025-01-17 07:00:00,77.45959585753253,0.01322284630247894,0.814097827961518,0
2025-01-17 08:00:00,68.3988339648968,0.04013387247526623,0.7006941489819842,0
2025-01-17 09:00:00,84.15729382927177,0.021365353310827374,0.8699952131186204,0
2025-01-17 10:00:00,80.89720060360644,0.016346784486878915,0.9833124060419278,0
2025-01-17 11:00:00,72.65412173947648,0.021846803058649084,0.710070956060294,0
2025-01-17 12:00:00,66.43432735454562,0.006528737104703036,0.8156280373749374,0
2025-01-17 13:00:00,81.76936187082707,0.010283859614893484,0.7992085255837003,0
2025-01-17 14:00:00,74.42730077373692,0.03200413907944426,1.0414534658797887,0
2025-01-17 15:00:00,81.1890815598673,0.013431057210286042,1.01386886740725,0
2025-01-17 16:00:00,67.02786170602816,0.009530890173180604,0.8556524893325493,0
2025-01-17 17:00:00,72.00312488523113,0.025366527525272863,1.0353641744278796,0
2025-01-17 18:00:00,75.02621849859092,0.031857041546629966,0.8906639830825469,0
2025-01-17 19:00:00,75.2349029688237,0.02718953310665067,0.9456689779347893,0
2025-01-17 20:00:00,72.74967264260378,0.029960476858058166,1.3346904180597075,0
2025-01-17 21:00:00,78.11424966173749,0.012432049114305392,1.2680922103580696,0
2025-01-17 22:00:00,69.66189785308703,0.005781893332581563,0.7400837526144805,0
2025-01-17 23:00:00,74.28810257489353,0.03501333651955487,1.1659464835758349,0
2025-01-18 00:00:00,75.60147815855949,0.016773201611578643,1.1622793108983185,0
2025-01-18 01:00:00,77.57219417029374,0.017491669835449527,0.7703473422494763,0
2025-01-18 02:00:00,78.55807439044445,0.03328194141849058,1.1637555287509722,0
2025-01-18 03:00:00,69.37678954081065,0.0255623000940066,1.3075863836825106,0
2025-01-18 04:00:00,67.32942914632189,0.024558877720816077,0.7754910387511172,0
2025-01-18 05:00:00,81.38838410949255,0.04165002344901084,0.8164994357971472,0
2025-01-18 06:00:00,76.66157005989795,0.01356481769619857,1.2035322933687005,0
2025-01-18 07:00:00,71.25756731721724,0.029278401280812372,1.0542990621651296,0
2025-01-18 08:00:00,82.75575987761262,0.020570131248970846,1.1102952550479046,0
2025-01-18 09:00:00,75.57837317146429,0.02268592278863257,1.0681178432800993,0
2025-01-18 10:00:00,80.89648592031914,0.035284684264125316,1.078139184185629,0
2025-01-18 11:00:00,75.33759240705055,0.02507835756289624,0.7347055743377834,0
2025-01-18 12:00:00,85.30373962440993,0.02538296079049633,1.2094635413242898,0
2025-01-18 13:00:00,83.77670421221602,0.030725073373098023,1.2339179984855546,0
2025-01-18 14:00:00,73.75517925760464,0.016350472704571146,0.9541218511863945,0
2025-01-18 15:00:00,79.85785475477178,0.011607903326609936,0.9913046100372275,0
2025-01-18 16:00:00,78.22687974792574,0.009551908059789664,0.6937784994888556,0
2025-01-18 17:00:00,81.84315778766174,0.00033643410623998213,1.102850951203567,0
2025-01-18 18:00:00,70.17538269709948,0.04056207129940322,1.1144114883428289,0
2025-01-18 19:00:00,78.43025729999219,0.00896791634278317,0.9875617966001378,0
2025-01-18 20:00:00,80.29212243424794,0.01778746376414228,1.2248706719741005,0
2025-01-18 21:00:00,66.20630256788442,0.017231867001110793,0.9331845538040119,0
2025-01-18 22:00:00,69.08370743667112,0.023074066978091008,1.11292118517872,0
2025-01-18 23:00:00,64.8038391111995,0.028157372125392967,0.7960671322615769,0
2025-01-19 00:00:00,73.65296582777721,0.028604734883597452,0.9952895698251524,0
2025-01-19 01:00:00,78.58771127897981,0.014169225614310617,0.9651291484194329,0
2025-01-19 02:00:00,82.51178526048014,0.018328782862135885,1.0450615844081883,0
2025-01-19 03:00:00,75.37047390209888,0.022825799504882997,0.9260946142333283,0
2025-01-19 04:00:00,83.14307772785646,0.01751308873816453,0.9737054808656664,0
2025-01-19 05:00:00,68.09949270892554,0.03607345576019993,1.1652094342883013,0
2025-01-19 06:00:00,66.48308780322422,0.024909749516382515,0.9126471525523565,0
2025-01-19 07:00:00,74.72226150551691,0.027348777860498174,0.678684579852264,0
2025-01-19 08:00:00,76.92032724469654,0.02662881268667413,1.3499167808410841,0
2025-01-19 09:00:00,74.83652625952953,0.03173473857485325,1.2762908157380974,0
2025-01-19 10:00:00,64.66278949980062,0.02181021558703707,0.7415474609788762,0
2025-01-19 11:00:00,74.55439980243605,0.007031680520441534,1.1379415610490389,0
2025-01-19 12:00:00,68.47765249747573,0.023996879517526416,0.8994050458897314,0
2025-01-19 13:00:00,78.3483627441502,0.01348643106208171,1.052697443066212,0
2025-01-19 14:00:00,76.83299123048424,0.014713833182502432,1.0588448258026988,0
2025-01-19 15:00:00,70.30060106836322,0.025863640187550933,0.9531184399367356,0
2025-01-19 16:00:00,72.43066541331653,0.032382830714336355,0.8432468668827207,0
2025-01-19 17:00:00,69.70393239055524,0.02021271576736062,0.8618917895367482,0
2025-01-19 18:00:00,74.68660451363414,0.02308833012598964,0.8167616169037515,0
2025-01-19 19:00:00,79.77571160250619,0.037022149446352376,0.833635558353911,0
2025-01-19 20:00:00,70.07136976832228,0.022407531794885683,0.986564341990129,0
2025-01-19 21:00:00,77.52023257758923,0.04601683114180395,0.8568480021778496,0
2025-01-19 22:00:00,72.3487119081378,0.025655096456315443,1.136410413142524,1
2025-01-19 23:00:00,71.03563583868828,0.0023923724084418223,1.2974492310671855,0
2025-01-20 00:00:00,74.46484820022721,0.027533416211045325,0.8839893517259914,0
2025-01-20 01:00:00,69.82378838790314,0.023811583848827776,1.0478809001070755,0
2025-01-20 02:00:00,72.23175347326409,0.032897527540827455,1.0999370220605869,0
2025-01-20 03:00:00,69.01061053705575,0.026731813512699584,1.0944004541838548,0
2025-01-20 04:00:00,84.82362566458195,0.018615440160162262,1.0151910535832174,0
2025-01-20 05:00:00,75.17631775985865,0.007757017637106343,1.1485364836719445,0
2025-01-20 06:00:00,71.50137246003708,0.017909767427139747,1.0964497905361315,0
2025-01-20 07:00:00,76.0698995536711,0.011494795457907,0.7524675155345404,0
2025-01-20 08:00:00,74.43835975154585,0.014194765501952773,1.1738312128778547,0
2025-01-20 09:00:00,73.89515200233389,0.025885784044206096,1.1774581674533484,0
2025-01-20 10:00:00,78.07083350021712,0.03669904504351407,0.8473427791642837,0
2025-01-20 11:00:00,78.78753855023652,0.02394671529822981,1.0075875670895205,0
2025-01-20 12:00:00,72.34749426194736,0.008041169379648157,1.136665798562214,0
2025-01-20 13:00:00,72.1209087967766,0.02444602668220141,0.9581372360841277,0
2025-01-20 14:00:00,73.62474151424178,0.03196631486645651,1.2145956095532024,0
2025-01-20 15:00:00,63.49039417632208,0.013902170956806178,1.4727744989238722,0
2025-01-20 16:00:00,67.42404468900725,0.018659828333270824,0.8428027934730036,0
2025-01-20 17:00:00,81.83437133722262,0.020146881947291972,0.723791079369245,0
2025-01-20 18:00:00,83.22483856750642,0.0121510168691776,1.0607637191209751,0
2025-01-20 19:00:00,73.75481980221811,0.026482804338438592,1.1443125010252286,0
2025-01-20 20:00:00,77.88278481527882,0.018790518513922185,0.9538267252310462,0
2025-01-20 21:00:00,76.55625077271768,0.024195324439070277,1.2906521326642069,0
2025-01-20 22:00:00,90.3944040422762,0.011125078221979,0.7322788400553502,0
2025-01-20 23:00:00,80.59787455717289,0.015625416996765895,1.1385837246063222,0
2025-01-21 00:00:00,74.36041204259617,0.027223813578277713,0.8788278358482213,0
2025-01-21 01:00:00,70.22229779699788,0.016271668479082332,1.3438755812414593,0
2025-01-21 02:00:00,66.96776839871214,0.03726963851233405,1.3985030706336237,0
2025-01-21 03:00:00,76.01731817933612,0.016003638143853978,0.8466686824433304,0
2025-01-21 04:00:00,71.21824627357849,0.02224684725751886,0.8900885728182839,0
2025-01-21 05:00:00,67.88873145201163,0.0293259083187309,1.1719175773959605,0
2025-01-21 06:00:00,71.76713557878736,0.005816342670669683,0.9225738700420971,0
2025-01-21 07:00:00,69.59225998192802,0.002391911880192242,0.9909177564135524,0
2025-01-21 08:00:00,83.43570817536282,0.004743436854299052,1.005077684108482,0
2025-01-21 09:00:00,79.40819878474726,0.032625841034271824,0.6160653687604687,0
2025-01-21 10:00:00,74.96013679341691,0.014481418541075533,0.9972324507811525,0
2025-01-21 11:00:00,82.39972069445012,0.045581992856682525,0.8620544451871652,0
2025-01-21 12:00:00,75.38684153823809,0.014357524013426114,0.9013754355200456,0
2025-01-21 13:00:00,70.69357899335868,0.02184551303197037,1.2887264006937629,0
2025-01-21 14:00:00,82.61562038634828,0.035421099525678755,0.7486986211441486,0
2025-01-21 15:00:00,77.69455021842329,0.040060928881591226,1.1626410373495955,0
2025-01-21 16:00:00,69.81376922836772,0.04061503576636398,0.9442074139336383,0
2025-01-21 17:00:00,74.04830660958196,0.032083662305931425,0.9440479663008331,0
2025-01-21 18:00:00,70.62190873307621,0.030240625258114627,1.1580743792103423,0
2025-01-21 19:00:00,68.08600134517832,0.02592526949201183,1.068010258913778,0
2025-01-21 20:00:00,79.63088773765821,0.027783610761666376,1.1141225994439061,0
2025-01-21 21:00:00,84.54708320235065,0.014488142836714665,1.1936369321065723,0
2025-01-21 22:00:00,68.00716213090429,0.011818011165776928,0.9337383233633354,0
2025-01-21 23:00:00,77.81484618345286,0.01996625542589048,0.8775526530984499,0
2025-01-22 00:00:00,71.74678715439086,0.018298153774750716,0.7829698946884404,0
2025-01-22 01:00:00,72.56437308117651,0.015467719506727248,0.834917894004209,0
2025-01-22 02:00:00,72.03803037880566,0.026963874474567155,1.589818885061745,0
2025-01-22 03:00:00,70.68004615160092,0.029553052085705106,1.2489359161473574,0
2025-01-22 04:00:00,75.24260813972414,0.020884068862918475,0.7297851267583957,0
2025-01-22 05:00:00,70.84524941794481,0.03477530081055262,0.735508408651286,0
2025-01-22 06:00:00,76.3522841288992,0.008583108858664949,1.0963732123436982,0
2025-01-22 07:00:00,74.74880945275432,0.018063405407202818,1.1094529594755933,0
2025-01-22 08:00:00,73.80525976566796,0.01283177679397195,1.1097767670634728,1
2025-01-22 09:00:00,70.462181689792,0.0013346338292694014,0.9490088412892604,0
2025-01-22 10:00:00,72.11614334715834,0.01917319314157301,0.97490914799942,0
2025-01-22 11:00:00,78.77695612912878,0.018782524916167165,1.0655759048318716,0
2025-01-22 12:00:00,77.5045859381219,0.03513449743242131,1.017178601258666,0
2025-01-22 13:00:00,70.11222377600724,0.026308116845547777,0.556139925450493,0
2025-01-22 14:00:00,75.49666152714613,0.009758131756707951,0.9540400738849613,0
2025-01-22 15:00:00,78.75693561685894,0.038540925663341885,0.8297187131479373,0
2025-01-22 16:00:00,66.65297359439315,0.03221033695525353,1.0350422837817024,0
2025-01-22 17:00:00,77.71680096189968,0.02582097703468616,1.5970518005206822,0
2025-01-22 18:00:00,71.68688120527077,0.017735159011501682,1.0734963330948608,0
2025-01-22 19:00:00,77.8529933429658,0.010405607632765202,0.9372940627655204,0
2025-01-22 20:00:00,71.18370421728741,0.016277932239289472,1.1843603003954504,0
2025-01-22 21:00:00,65.9755894966774,0.03088748619704186,1.0965375774418424,1
2025-01-22 22:00:00,66.86228781058419,0.03884586305934609,1.0840188980903682,0
2025-01-22 23:00:00,75.24042473330691,0.03543243528272189,1.1213701186431342,0
2025-01-23 00:00:00,76.2986125086074,0.015111505782137259,1.4113087129659083,0
2025-01-23 01:00:00,70.47841687447796,0.008803825667109888,0.7738223129348168,0
2025-01-23 02:00:00,78.19296229388686,0.02140886246911204,1.0947264153622909,0
2025-01-23 03:00:00,66.6923996886552,0.002315606344371484,0.8147237740036923,0
2025-01-23 04:00:00,74.66960100676341,0.023231677141847814,1.1111025292684498,0
2025-01-23 05:00:00,68.94491900118771,0.018523974137013312,0.8162626977027811,0
2025-01-23 06:00:00,71.7408194609892,0.015339634981317577,0.9165266372789831,0
2025-01-23 07:00:00,75.23699335658208,0.004052969327332047,0.9409820171524187,0
2025-01-23 08:00:00,70.69793317358024,0.025136001065697168,1.1951633438689417,0
2025-01-23 09:00:00,73.07722227885087,0.014672991603380887,1.1836908887884827,0
2025-01-23 10:00:00,80.0314640460722,0.008300831642897119,0.7508565247107231,0
2025-01-23 11:00:00,72.11554065238425,-0.008722622132816493,1.0109868221999698,0
2025-01-23 12:00:00,79.1784605603257,0.01972485094949364,0.8580840290501655,0
2025-01-23 13:00:00,69.35146572671191,0.03772251596669744,0.7482990178649331,0
2025-01-23 14:00:00,77.64902088957642,0.0366125921454787,0.9565965899151259,0
2025-01-23 15:00:00,82.2078431032895,0.015429037434137281,0.9383034423088361,0
2025-01-23 16:00:00,62.641777499363556,0.013977879396382195,1.4853432972691045,0
2025-01-23 17:00:00,71.01552372264761,0.024687742560750237,1.0865919650721392,0
2025-01-23 18:00:00,77.8853606359027,0.010016145608117085,0.7244764998491525,0
2025-01-23 19:00:00,73.98477306978504,0.02301791899819466,0.8870451991658115,0
2025-01-23 20:00:00,76.85572936685655,0.027660802783846902,1.2042766590858798,0
2025-01-23 21:00:00,71.9800740664209,0.032269332238843075,1.417688554573985,0
2025-01-23 22:00:00,75.4329489373645,0.018998459235200472,0.6828033375524083,0
2025-01-23 23:00:00,74.2216138230396,0.017963262498230343,0.624015122972191,0
2025-01-24 00:00:00,80.83891030829903,0.01122017413243439,1.3741930350743565,0
2025-01-24 01:00:00,76.27210421650607,0.0117311964596014,1.0779228354741808,0
2025-01-24 02:00:00,76.68801331037601,0.017735211080984734,0.8263414536247267,0
2025-01-24 03:00:00,72.94061516938767,0.02367365506816178,1.1069258172244871,0
2025-01-24 04:00:00,72.56196887963753,0.029135846262332496,0.47285045219662447,0
2025-01-24 05:00:00,72.8372090609019,0.011968210493196551,1.0006751013194322,0
2025-01-24 06:00:00,76.97226071189148,0.03492688568959522,1.0655642345686172,0
2025-01-24 07:00:00,72.89507759589868,0.017288763989574314,1.1848540279075659,0
2025-01-24 08:00:00,76.44887428448206,0.01978632705651564,0.7972208095414924,0
2025-01-24 09:00:00,85.37700399322719,0.012527883208521766,1.0171374322806719,0
2025-01-24 10:00:00,79.35562351715846,-0.004242402602729418,0.8149150747880826,0
2025-01-24 11:00:00,73.3698823391608,0.0288404539636105,1.0510767511348633,0
2025-01-24 12:00:00,81.00606961081972,0.027368438970924336,0.8209307355273952,0
2025-01-24 13:00:00,72.95962313489224,0.017186724428817867,0.9183798321679559,0
2025-01-24 14:00:00,64.80937732411073,0.02066990717224872,0.8008369210419541,0
2025-01-24 15:00:00,69.95956844541298,0.025159392177040996,1.1302272483647313,0
2025-01-24 16:00:00,65.64604039487072,0.004374541431134572,1.171690223331333,0
2025-01-24 17:00:00,73.24243257979346,0.014709473226537052,0.9530758860085172,0
2025-01-24 18:00:00,75.09209189594776,0.027942646796218273,1.0076475989920057,0
2025-01-24 19:00:00,83.38218656137641,0.0074571057683075065,0.7102817170732911,0
2025-01-24 20:00:00,76.63463686882082,0.022935579321666292,0.9400646703986426,0
2025-01-24 21:00:00,73.90449735595568,0.006434181953765949,0.989959076591651,0
2025-01-24 22:00:00,79.14702790591744,0.024664299824335264,1.5241586182059952,0
2025-01-24 23:00:00,63.944323454960575,0.019643585177025163,0.7776065948451673,0
2025-01-25 00:00:00,76.17807279054283,0.003848681840944907,1.2928354477504875,0
2025-01-25 01:00:00,78.85432596943484,0.03164739354457172,1.1993717546931615,0
2025-01-25 02:00:00,67.60706877110078,0.012654084232019507,1.0561272808980273,0
2025-01-25 03:00:00,80.71877021603464,0.011897475629856191,1.3517240968390267,0
2025-01-25 04:00:00,76.69248203747208,0.022005691972309428,1.0744210945213726,0
2025-01-25 05:00:00,72.923560430496,0.03148637349428715,1.0778318391335857,0
2025-01-25 06:00:00,78.16390933053142,0.00984178181021603,0.9893758693964909,0
2025-01-25 07:00:00,86.35346428902199,0.020616798498479718,1.2447137764837255,0
2025-01-25 08:00:00,75.90933127529247,0.02428816500330573,1.2192938467621768,0
2025-01-25 09:00:00,76.24110293150169,0.02693105607263144,0.8748645425007575,0
2025-01-25 10:00:00,72.70319550229878,0.021764415552772254,0.7361505610802466,0
2025-01-25 11:00:00,70.75077815267605,0.016329721609166778,0.9594038725208686,0
2025-01-25 12:00:00,79.15167908272123,0.011724097793512803,0.8399922871204707,0
2025-01-25 13:00:00,70.71958087045566,0.02086143883046375,0.987295085076929,0
2025-01-25 14:00:00,75.35783118609696,0.009278609880143932,1.2474876269368278,0
2025-01-25 15:00:00,72.61171276617442,-0.009213504834946075,0.9085396689826419,0
2025-01-25 16:00:00,77.39489912873196,0.02436559804157668,0.9914353237376851,0
2025-01-25 17:00:00,76.66831052643474,0.029039348410861955,1.011604546961679,0
2025-01-25 18:00:00,80.18769972128949,-0.0036293243554183854,1.1696861764410569,0
2025-01-25 19:00:00,72.44991800572626,0.009902692952900624,0.550622133203079,0
2025-01-25 20:00:00,73.65062532353315,0.02619154261005198,0.8786599410469407,0
2025-01-25 21:00:00,70.10618142108846,0.040574954697116986,1.0422567384558945,0
2025-01-25 22:00:00,72.77853369961944,0.02020793707675408,1.2400157912853722,0
2025-01-25 23:00:00,76.88650246522425,0.012719970587708657,0.901619510498759,0
2025-01-26 00:00:00,78.78494308322676,0.018171035588951598,0.6246894587916252,0
2025-01-26 01:00:00,70.38917337911187,0.033748764191481845,1.1239422891932271,0
2025-01-26 02:00:00,79.3480296005283,0.013540358208754648,0.8729275222348741,1
2025-01-26 03:00:00,81.77818929402476,0.012008079933497465,0.7620666681819277,0
2025-01-26 04:00:00,77.0671745161185,0.015172564778179676,0.8751309220573552,0
2025-01-26 05:00:00,84.38397906279033,0.010466713917412877,0.96309492846883,0
2025-01-26 06:00:00,71.13105400448214,0.021226703159947957,0.8790510670923575,0
2025-01-26 07:00:00,68.77672648344291,0.0362467845846956,0.5588867885801861,0
2025-01-26 08:00:00,66.10639875547861,0.023230792731160292,1.1794132393774264,0
2025-01-26 09:00:00,82.48022155744592,0.017476464978737123,1.2549750082557445,0
2025-01-26 10:00:00,78.27182828177028,0.01708188731084456,1.130304398267901,0
2025-01-26 11:00:00,74.72207664544773,0.004368091913033431,0.7724628659150367,0
2025-01-26 12:00:00,76.3998431315991,0.028831097771471588,0.9597016932104964,0
2025-01-26 13:00:00,69.37255476350812,0.01922162802987198,0.9986957369541084,0
2025-01-26 14:00:00,87.22875989808414,0.018195200864093743,1.119758877912382,0
2025-01-26 15:00:00,75.64610590987614,0.05193107567844861,1.1336680977436162,0
2025-01-26 16:00:00,75.54697397302446,0.022987529083656862,0.8531652402443008,0
2025-01-26 17:00:00,78.62883311949346,0.012482089499048157,1.016399111282712,0
2025-01-26 18:00:00,77.40504615868356,0.015736424037944566,1.0914560809230482,0
2025-01-26 19:00:00,76.11942012139566,0.03148445709196755,1.2911644644293534,0
2025-01-26 20:00:00,71.04762772277344,0.021132704105377646,1.1409013079649446,0
2025-01-26 21:00:00,77.35734178567998,0.005617220216826334,1.1578113374751038,0
2025-01-26 22:00:00,84.41012248237517,0.029192289345752034,1.0167653255858722,0
2025-01-26 23:00:00,81.7271002307749,0.01331855914461006,1.2820918290407008,0
2025-01-27 00:00:00,82.96593313319698,0.038732977762175456,1.0819525591918995,0
2025-01-27 01:00:00,72.44392161784407,0.030800480657146488,0.827782417965286,0
2025-01-27 02:00:00,70.0519758987071,0.015526781043412489,1.2806739940250382,0
2025-01-27 03:00:00,74.37106539950176,0.03281016361735113,1.1395806545078055,0
2025-01-27 04:00:00,75.27862456144348,0.020678555105274034,0.9113911957743035,0
2025-01-27 05:00:00,80.47095759235474,0.028527736751222194,0.9041014065201514,0
2025-01-27 06:00:00,66.5376768514259,0.024847328172944747,1.0593151090281523,0
2025-01-27 07:00:00,82.64775159730307,0.011536433450091265,1.092636959053517,0
2025-01-27 08:00:00,74.20996050710505,0.01356450167682538,1.0394584531262412,0
2025-01-27 09:00:00,72.8655946502629,0.030299608175811614,1.062261734688577,0
2025-01-27 10:00:00,69.93947812369916,0.01665224667893459,1.3399914749152761,0
2025-01-27 11:00:00,66.72571664067115,0.015963515367580033,1.2143086304469772,0
2025-01-27 12:00:00,79.11585291980957,0.01044877420650647,1.038127118253005,1
2025-01-27 13:00:00,75.36658983594202,0.02423599065593461,1.1882621161534968,0
2025-01-27 14:00:00,68.55019550129472,0.04062524919243145,0.7934952192944921,0
2025-01-27 15:00:00,68.52460613968192,0.009324670857457272,1.0795854099893618,0
2025-01-27 16:00:00,73.32107650354936,0.02024219456672758,1.3618612699466222,0
2025-01-27 17:00:00,83.34510762644696,0.034122205554154295,0.9563908209215253,0
2025-01-27 18:00:00,73.70204324318198,0.01920358608754285,0.830473214276183,0
2025-01-27 19:00:00,67.48428523440947,0.02452371796249734,0.8695822222813878,1
2025-01-27 20:00:00,73.77128467957027,0.009376064718531203,0.7820733925315223,0
2025-01-27 21:00:00,73.63638215126164,0.024283070972076486,0.8430476183744593,0
2025-01-27 22:00:00,61.515566785292144,0.018128557349954513,0.9258983802819942,0
2025-01-27 23:00:00,74.72852566741093,0.02985729995679863,0.7188865961642716,0
2025-01-28 00:00:00,73.84532734895662,0.031873860515647515,1.0031236667899206,0
2025-01-28 01:00:00,78.48103182406709,0.04589563642018614,1.1804554347573295,0
2025-01-28 02:00:00,84.24478047472672,0.025796331732135757,0.818448763970616,0
2025-01-28 03:00:00,80.63282514773879,0.023257963165821665,1.3038567847283538,0
2025-01-28 04:00:00,73.65555654722584,0.02194384301577336,1.102158417705519,0
2025-01-28 05:00:00,69.46737045629165,0.016468337071893116,1.2061161171248114,0
2025-01-28 06:00:00,87.8667990162493,0.02338483843461691,0.8684330892295726,0
2025-01-28 07:00:00,75.29609217007244,0.017045985898609707,1.1709050454133232,0
2025-01-28 08:00:00,75.06964645956474,0.021684609762696143,0.7816132199209374,0
2025-01-28 09:00:00,74.87937456444999,0.0331759753560796,1.1780495001673017,0
2025-01-28 10:00:00,75.99042380383928,0.009934574347203589,1.0343678679587063,0
2025-01-28 11:00:00,74.27819794038028,0.031398785611290454,1.1106502439969568,0
2025-01-28 12:00:00,72.13168996559882,0.03317115067339865,0.7648810788750297,1
2025-01-28 13:00:00,72.26570529379804,0.01881931473008921,0.8209860315446791,0
2025-01-28 14:00:00,74.83623364892001,-0.0012185489900859471,1.119445643650677,0
2025-01-28 15:00:00,72.28287614433117,0.013921780129055676,0.8103303991551598,0
2025-01-28 16:00:00,71.43577108661418,0.03296994546561109,1.0926412584198246,0
2025-01-28 17:00:00,75.53215113845948,0.019771319377011178,0.7265724387079509,0
2025-01-28 18:00:00,73.72511391289572,0.010006977677050893,1.1696348425333336,0
2025-01-28 19:00:00,82.51996494291345,0.014952250787717825,0.7534953370462982,0
2025-01-28 20:00:00,61.74515095803494,0.02840620026504553,1.1104599875359047,0
2025-01-28 21:00:00,80.45753425961232,0.025467335682013793,1.1251261867292002,1
2025-01-28 22:00:00,81.23042596248814,0.017610679008303057,0.860645636314085,0
2025-01-28 23:00:00,64.63304883795925,0.016331755881853125,1.1164053134169454,0
2025-01-29 00:00:00,73.28656202959826,0.016082418509561783,1.0520884526667111,0
2025-01-29 01:00:00,73.14279567002104,0.010775898155014976,0.8922316287614523,0
2025-01-29 02:00:00,67.9624415264109,0.03615375689469442,0.7982890631847583,0
2025-01-29 03:00:00,71.11091656204562,0.016776795307886602,0.6074748616654841,0
2025-01-29 04:00:00,69.44712077267086,0.032171585208254964,1.0699300094599387,0
2025-01-29 05:00:00,83.76135221711812,0.03521316051922452,0.687039445727589,0
2025-01-29 06:00:00,79.6783919657373,0.029983108981479604,1.0190688398882617,0
2025-01-29 07:00:00,81.3577754749708,0.015683796872819518,0.9473103567835501,0
2025-01-29 08:00:00,78.60836032021618,0.024037300903366095,1.135828555087639,0
2025-01-29 09:00:00,69.35474114391386,0.01975804393609084,0.9395909001020272,0
2025-01-29 10:00:00,72.37739866860113,0.01096298139269872,0.9341104427305817,0
2025-01-29 11:00:00,77.4468728061396,0.02324359281721603,1.146374140857659,0
2025-01-29 12:00:00,68.88936095554027,0.008209602088401975,1.0670116058168235,0
2025-01-29 13:00:00,78.56499215086194,0.03187679388461564,1.0632311914365558,0
2025-01-29 14:00:00,73.79837300920933,0.01535382702701607,1.0938535179617053,0
2025-01-29 15:00:00,73.12589596225202,0.022011596558728395,0.6928855753585788,0
2025-01-29 16:00:00,78.55479984101746,0.02283287871546142,1.1513577359973963,0
2025-01-29 17:00:00,77.2213165574302,0.017410950262959225,1.1224937588027204,0
2025-01-29 18:00:00,73.1951691709046,0.025866938014752747,0.7966633742847006,0
2025-01-29 19:00:00,80.79664901682123,0.015250963433774755,0.9511839052651597,0
2025-01-29 20:00:00,69.59468336200051,0.02871297297457244,0.9921385424744738,0
2025-01-29 21:00:00,78.07967803472133,0.006540203197532514,0.9731006431196535,0
2025-01-29 22:00:00,77.96550628984193,0.02126379579546412,1.066771993313707,0
2025-01-29 23:00:00,73.45226780343005,0.039389289990582846,1.2862733563662367,0
2025-01-30 00:00:00,76.63066511121059,0.009996686753944254,1.2163533455345656,0
2025-01-30 01:00:00,68.74443211807349,0.013222550294751485,0.7375561613137187,0
2025-01-30 02:00:00,79.6201350960345,0.02513907849658915,1.1244139980612098,0
2025-01-30 03:00:00,74.07548931778506,0.02179581781939598,1.265786663907082,0
2025-01-30 04:00:00,72.38638489740481,0.023506300992735592,1.0773617041378405,0
2025-01-30 05:00:00,80.24504612918444,0.024891871301476635,1.2181960850371933,0
2025-01-30 06:00:00,71.4782815472862,0.0263472146856177,1.4024540891401531,0
2025-01-30 07:00:00,67.9576935181822,0.031096998419562233,1.2047419092213962,0
2025-01-30 08:00:00,67.21685413238048,0.024098186569285127,1.0498617191283457,0
2025-01-30 09:00:00,78.0300497567282,0.017587423453814574,1.2090176948169506,0
2025-01-30 10:00:00,68.59785323751859,0.026725737012027313,1.0289775666193783,0
2025-01-30 11:00:00,83.77397090992183,0.038998819348952156,1.004780608656991,0
2025-01-30 12:00:00,64.59035296058138,0.018673662536174265,0.9297171528572535,0
2025-01-30 13:00:00,83.48228184145019,0.010254706953293585,1.3126826717664217,0
2025-01-30 14:00:00,76.05508733601309,0.031070806692869726,0.8363142668115997,0
2025-01-30 15:00:00,74.51643444064804,0.018796188360464018,1.3064735449356233,0
2025-01-30 16:00:00,72.27540456595526,-0.0017266954601403602,1.0999728247480742,0
2025-01-30 17:00:00,76.99568057176036,0.028474216771504218,0.7201387650396116,0
2025-01-30 18:00:00,74.81182648787576,0.014646718140460773,1.0735298585982842,0
2025-01-30 19:00:00,80.5165094100826,0.01909466717695839,0.5799946984696751,0
2025-01-30 20:00:00,75.5711382433102,0.023319803305690147,1.1251016033662071,0
2025-01-30 21:00:00,75.75150880730939,0.021904996797790663,1.1770462965977981,0
2025-01-30 22:00:00,73.18193893893073,0.027094518171390396,0.8815288088695893,0
2025-01-30 23:00:00,74.71527188139466,0.015645136294301566,1.0247095391911165,0
2025-01-31 00:00:00,76.5390088444603,0.025131057981760827,1.3908314867500573,0
2025-01-31 01:00:00,66.44915803671687,0.01740453322416083,0.8988506591476126,0
2025-01-31 02:00:00,68.25907288947144,0.02738810480887503,0.7882184825886799,0
2025-01-31 03:00:00,78.71632047011357,0.026153674840130536,1.2963326804925197,0
2025-01-31 04:00:00,75.85432719063971,0.010645612979554046,1.392517438106159,0
2025-01-31 05:00:00,74.0800833182366,0.030859821161750324,1.0007391343695695,0
2025-01-31 06:00:00,75.09216966532696,0.01464036554885952,1.2022926070816713,0
2025-01-31 07:00:00,76.73790852680835,0.028080577982811453,1.2682951831061762,0
2025-01-31 08:00:00,72.30120159845319,0.02367287313401341,0.8515031534923232,0
2025-01-31 09:00:00,71.10847637298843,0.038381836767951226,0.9029388329264263,0
2025-01-31 10:00:00,75.9792262754884,0.01776534017628148,1.246174902630947,0
2025-01-31 11:00:00,70.10813611192484,0.016506832038818024,1.337002855741702,0
2025-01-31 12:00:00,77.04126377857236,0.019805803941122673,1.112576172034871,0
2025-01-31 13:00:00,66.48708197881079,0.016968202171657246,0.8240371292995892,0
2025-01-31 14:00:00,80.14577818662822,0.0279994190194205,1.3974122223398884,0
2025-01-31 15:00:00,77.36298741206521,0.0038368939156341215,0.8938058204376071,0
2025-01-31 16:00:00,76.28014867156938,0.009463175808536459,0.9329724437657096,0
2025-01-31 17:00:00,79.91345491972757,0.009321970784208069,1.0684675668979242,0
2025-01-31 18:00:00,83.32737222231289,0.029503075919735756,1.3108320841429548,0
2025-01-31 19:00:00,80.07185032509065,0.03710613372581925,1.1707951953104447,0
2025-01-31 20:00:00,65.79562884334177,0.018955507814625287,1.0829731000723821,0
2025-01-31 21:00:00,68.6021151663215,0.018311782768099895,1.0926577060236213,0
2025-01-31 22:00:00,71.8759071115216,0.020700521631131813,1.0087029337286932,0
2025-01-31 23:00:00,75.13045525105417,0.031618783026081905,1.1116279029037013,0
2025-02-01 00:00:00,77.58829510234561,0.010726468658094259,0.49408798446113933,0
2025-02-01 01:00:00,71.37128093423267,0.02238368982734785,0.9406785081860404,0
2025-02-01 02:00:00,75.9338338223854,0.0297519762978243,1.0482643869833561,0
2025-02-01 03:00:00,71.22308533823339,0.025010941699398454,0.7697971832760986,0
2025-02-01 04:00:00,71.94241098504025,0.021895816165987434,1.077264663562312,0
2025-02-01 05:00:00,67.96669451575889,0.03001046092567141,0.9591057558027757,0
2025-02-01 06:00:00,70.38383376944547,-0.007032322929992372,1.351095139663098,0
2025-02-01 07:00:00,68.24157697191833,0.026778753195309077,1.3146039450429714,0
2025-02-01 08:00:00,70.12063373511333,0.013459243168725762,0.9068388861763674,0
2025-02-01 09:00:00,80.2682089830392,0.0016936710314354314,0.9698324576866609,0
2025-02-01 10:00:00,70.25300555584029,0.02511202599524981,0.9852104868783215,0
2025-02-01 11:00:00,88.16191032418695,0.03373658545162958,0.9096681047680755,0
2025-02-01 12:00:00,77.46658950440445,0.01862551485372308,1.0390049968056254,0
2025-02-01 13:00:00,75.92418061847437,0.02952874547202939,0.848343586222482,1
2025-02-01 14:00:00,70.70821109909393,0.03612278257988645,0.7738769330124947,0
2025-02-01 15:00:00,78.50154939704495,0.033149144535840475,1.1245422447800537,0
2025-02-01 16:00:00,72.12181086881112,0.03639964529371393,1.1259059168443621,0
2025-02-01 17:00:00,75.6100490732268,0.027421274910718923,0.8391368480680015,0
2025-02-01 18:00:00,87.80042269134397,0.02075433638901593,1.17907108615252,0
2025-02-01 19:00:00,74.51970050137675,0.003980341881028315,0.8736844541669337,0
2025-02-01 20:00:00,80.74636663142837,0.017539375118700514,1.0506330476075962,0
2025-02-01 21:00:00,71.48411787437057,0.011567534046838083,1.1640688025224912,0
2025-02-01 22:00:00,74.82505754751519,0.041709427174978136,0.9932774870592574,0
2025-02-01 23:00:00,83.85400317817755,0.018241141875676634,1.0909481824282268,0
2025-02-02 00:00:00,71.86516471106117,0.021232048067844858,0.8967140712224857,0
2025-02-02 01:00:00,84.06224278998465,0.025514853760404677,0.9607066833143806,0
2025-02-02 02:00:00,78.53875967727738,0.02043602446372454,0.958828113823932,0
2025-02-02 03:00:00,72.18766612052866,0.03695051040430753,0.8506843306919523,0
2025-02-02 04:00:00,78.1620386952776,0.013773506382655482,0.9646451673768436,0
2025-02-02 05:00:00,79.86277224813365,0.02194607455237243,0.6902763402272507,0
2025-02-02 06:00:00,78.10904981108598,0.012575294143019517,0.9017692505715791,0
2025-02-02 07:00:00,67.14887640054772,0.006799774887792941,0.9430249013260659,0
2025-02-02 08:00:00,71.36431412087566,0.013882309090947146,0.948764049500924,1
2025-02-02 09:00:00,73.76240682224248,0.01962963202951588,0.9517005108258443,0
2025-02-02 10:00:00,74.62783285449977,0.0157069777548274,0.9876471600279743,0
2025-02-02 11:00:00,78.10336048775339,0.01307579020126144,1.0958883036172127,0
2025-02-02 12:00:00,75.88850500466627,0.0059368253632816614,1.1749034148265045,0
2025-02-02 13:00:00,68.32327820644949,0.019168944273713052,0.8700469546303465,0
2025-02-02 14:00:00,76.90098925502981,0.0049527962596899785,0.7593598289221711,0
2025-02-02 15:00:00,78.05292872641911,0.027600559636896026,0.7915911175513795,0
2025-02-02 16:00:00,77.7989522396552,0.020824397529345035,0.9025594157610146,0
2025-02-02 17:00:00,80.4039036277731,0.005424485005350695,0.9296157364366981,0
2025-02-02 18:00:00,79.16961077274452,0.016907909229501365,0.8460007867605085,0
2025-02-02 19:00:00,77.29590039614219,0.012478435944094169,0.7407766671500211,0
2025-02-02 20:00:00,74.64917144270676,0.023191745104191804,0.9087758345051624,0
2025-02-02 21:00:00,66.69519533242004,0.033404504460231445,1.0362853240227943,0
2025-02-02 22:00:00,77.14809109566293,0.0012482753035425558,1.119005893167113,0
2025-02-02 23:00:00,76.03843843581555,0.02115026079147417,0.8885153893783357,0
2025-02-03 00:00:00,76.35789418597686,0.018398672044333597,0.9174004355713132,0
2025-02-03 01:00:00,68.61625712089845,0.02671340076450466,0.8146603382305379,0
2025-02-03 02:00:00,69.59471729795868,0.022131966282376892,0.9937121659250447,0
2025-02-03 03:00:00,80.26576426666452,0.012480306682611809,0.830314273161837,0
2025-02-03 04:00:00,74.80222423071673,0.01680946064333382,1.11462556264824,0
2025-02-03 05:00:00,78.40750348686312,0.01203974143196511,0.6428267016131777,0
2025-02-03 06:00:00,75.1415918806523,0.030760071385985986,0.9280740655095076,0
2025-02-03 07:00:00,75.14878069747873,0.02021311648671942,1.0602214678383484,0
2025-02-03 08:00:00,79.69141902988,0.039011906857530074,1.0367669032645008,0
2025-02-03 09:00:00,72.41977635891313,0.019393391861853793,1.5386067327960995,0
2025-02-03 10:00:00,75.48060388470492,0.012915932330895372,1.0699600049135816,0
2025-02-03 11:00:00,72.6886235564748,0.004862856073871729,0.799189080631598,0
2025-02-03 12:00:00,72.82751886283842,0.001968603237440549,0.9809071505821854,0
2025-02-03 13:00:00,73.4541393826568,0.004158640569945103,0.6447507333067096,0
2025-02-03 14:00:00,76.11066885816857,0.022671266510114835,0.9838800501406478,0
2025-02-03 15:00:00,72.60625689168262,0.025087250232299338,0.8333887885998482,0
2025-02-03 16:00:00,81.2787806278676,0.0041880929796786655,1.1830780551120323,0
2025-02-03 17:00:00,70.52696348890248,0.028950383140761156,0.8900919450808931,0
2025-02-03 18:00:00,74.0656417791932,0.015169389483165607,0.9766468168409507,0
2025-02-03 19:00:00,72.80134470862913,0.021467930119855493,0.8728884317191193,0
2025-02-03 20:00:00,82.23488942176867,0.03612220628255425,1.3477702703706662,0
2025-02-03 21:00:00,75.98277388255788,0.02896839315865532,0.9357514467764176,0
2025-02-03 22:00:00,80.15922269734317,0.017314693520941678,1.3665114086958403,0
2025-02-03 23:00:00,67.57219813481514,0.011088077745847125,1.1628303524236534,0
2025-02-04 00:00:00,76.33525132934629,-0.001518154013293048,1.0964133454670772,0
2025-02-04 01:00:00,79.44815397811719,0.012808466807575799,1.0737466294635039,0
2025-02-04 02:00:00,75.41141994637712,0.017888697611723056,1.0787594596432504,0
2025-02-04 03:00:00,80.32740187532676,0.01012820472848816,0.614465484130878,0
2025-02-04 04:00:00,72.41355774949814,0.018687430329076955,0.9442233211698488,0
2025-02-04 05:00:00,82.0467372009279,0.020768518829587683,1.1690315942368643,0
2025-02-04 06:00:00,86.49449061809625,0.017751440181919216,0.9902205633051789,0
2025-02-04 07:00:00,73.18580719780171,0.013499974191765404,0.718962030639285,0
2025-02-04 08:00:00,72.77248739299614,0.021686546719667278,0.9895191098845061,0
2025-02-04 09:00:00,82.2669223855885,0.02441940649569409,1.3408211032510984,0
2025-02-04 10:00:00,82.89786072865357,0.00909600922557154,1.2493783431069438,0
2025-02-04 11:00:00,72.38569986423366,0.034109323797462704,0.9875991981267936,0
2025-02-04 12:00:00,72.89906591452072,0.019014118677157382,1.1902898554116172,0
2025-02-04 13:00:00,73.59107695569746,0.020188496229448478,0.9266985959263896,0
2025-02-04 14:00:00,68.27774744482862,0.027082144232565573,0.6592256826346562,0
2025-02-04 15:00:00,70.40674026757901,0.022332161312635018,0.8151068023740891,0
2025-02-04 16:00:00,69.97929616623966,0.02953136633913245,1.3125777537016396,0
2025-02-04 17:00:00,71.16101217447935,0.022871241652018242,0.9452013836341392,0
2025-02-04 18:00:00,74.8265755630661,0.013875626253595622,0.9513232041249964,0
2025-02-04 19:00:00,76.1710736626826,0.023615035252061017,0.9400323607450238,0
2025-02-04 20:00:00,82.75250246407039,0.008562737926793382,1.3808273179146013,0
2025-02-04 21:00:00,70.00822979630604,0.02108559705776523,1.3251917830724127,0
2025-02-04 22:00:00,79.92161199238292,0.019667700093555392,1.4437560466896269,0
2025-02-04 23:00:00,73.93005577887246,0.017918831427274604,0.9681909579199898,0
2025-02-05 00:00:00,74.75268145173783,0.01871462488561069,1.059124897749419,0
2025-02-05 01:00:00,78.37409746083301,0.0011815095450236103,0.6966714901158417,0
2025-02-05 02:00:00,69.3863898921885,0.014512750922590386,1.295386885223655,0
2025-02-05 03:00:00,76.91204873092025,0.020928449011411148,0.766444089746413,0
2025-02-05 04:00:00,75.83226104106528,0.021598563919974004,1.0433551127525258,0
2025-02-05 05:00:00,77.46225632004075,0.009723248590740419,0.7805394944734312,0
2025-02-05 06:00:00,76.44584321953909,0.03265707840864701,0.8822266346522608,0
2025-02-05 07:00:00,87.27650069955448,0.011338251517854992,0.83254751379006,0
2025-02-05 08:00:00,71.81130007874341,0.02969457200526737,0.8784249478648364,0
2025-02-05 09:00:00,72.34501522499092,0.02427194361871685,0.8921754593702043,0
2025-02-05 10:00:00,71.88429736787617,0.01353772690156197,0.8903462410149846,0
2025-02-05 11:00:00,72.22261440419872,0.037753108926095125,1.1666667823560615,0
2025-02-05 12:00:00,71.81306436346742,0.0080636316824352,0.779027441387496,0
2025-02-05 13:00:00,80.94508265553776,0.029191541736100016,1.0441082854027735,0
2025-02-05 14:00:00,82.10252123994927,0.030005823180429783,1.2435918304611118,0
2025-02-05 15:00:00,72.14626853125262,0.013293797909233553,0.8973607270973207,0
2025-02-05 16:00:00,70.83822213447885,0.03392465300064329,0.8564162218504796,0
2025-02-05 17:00:00,77.35707778193202,0.017499534854010474,0.9538950749639499,0
2025-02-05 18:00:00,72.23888477859515,0.02288693629279857,1.235945041672142,0
2025-02-05 19:00:00,78.16465908877755,0.022603218387712207,1.0388215261906715,0
2025-02-05 20:00:00,76.01461510425649,0.018656912585294522,0.8937571410784803,0
2025-02-05 21:00:00,67.42127942501384,0.028108082731597824,1.096775330237608,0
2025-02-05 22:00:00,82.73752600665031,0.027934887205522133,0.7795415700327153,0
2025-02-05 23:00:00,83.9793883654776,0.0025146802676181933,1.1362719020885896,0
2025-02-06 00:00:00,71.93605654757806,0.033043402428781524,1.0817214615403534,0
2025-02-06 01:00:00,73.06149220032007,0.003375080119643256,0.9384383057722232,0
2025-02-06 02:00:00,76.42932695362452,0.030325462043416573,0.8322828403105538,0
2025-02-06 03:00:00,76.67228394993512,0.03126705136827583,0.8226638155433086,0
2025-02-06 04:00:00,78.29272136336415,0.009090335697848019,1.106963467269182,0
2025-02-06 05:00:00,85.05102269383175,0.015891857120454152,1.2457961004978124,0
2025-02-06 06:00:00,74.11526386252976,0.008942953315140643,0.8725384505942411,0
2025-02-06 07:00:00,71.00851377730773,0.017850789697112648,1.0916773407102969,0
2025-02-06 08:00:00,68.10340385992737,0.016919657158142587,0.5825945962795862,0
2025-02-06 09:00:00,71.3453498002904,0.0277966053226934,0.88307645386856,0
2025-02-06 10:00:00,74.83436513563102,0.033103087461196085,0.9937882134258196,0
2025-02-06 11:00:00,83.97278931758893,0.03395683810789956,0.8180633166036333,0
2025-02-06 12:00:00,72.41194350481915,0.01437831973421698,0.8126987250420807,0
2025-02-06 13:00:00,76.11893975819449,0.017907781262554722,0.8664440887062228,0
2025-02-06 14:00:00,74.91788551963624,0.0031656180777904983,1.0584385456652747,0
2025-02-06 15:00:00,80.94196636724043,0.011941299335038113,0.962534196318725,0
2025-02-06 16:00:00,87.63466212936811,0.029648516330974574,0.5523537533350056,0
2025-02-06 17:00:00,72.3456561353984,0.036155828235482315,0.5758599694729867,0
2025-02-06 18:00:00,72.5528027874089,0.007656511281200779,0.8786269644285649,0
2025-02-06 19:00:00,80.22080438534536,0.014075357408471057,1.0915373172107103,0
2025-02-06 20:00:00,78.40945744813156,0.01973594243041073,0.45049903145495307,0
2025-02-06 21:00:00,84.23353662868017,0.022801611588196068,0.9000539647696739,0
2025-02-06 22:00:00,77.91964092662982,0.01190396480078354,0.8947504286965158,0
2025-02-06 23:00:00,73.2035395460647,0.024240610444640896,1.2776675556416897,1
2025-02-07 00:00:00,77.95327415346155,0.015261606529290839,0.9229956376574273,0
2025-02-07 01:00:00,80.54351790291454,0.01985547729121721,1.0765977969481857,0
2025-02-07 02:00:00,79.10241090598682,0.025462842480036996,1.0282514280174926,0
2025-02-07 03:00:00,77.53637015553649,0.02006422269810938,0.5738867040385598,0
2025-02-07 04:00:00,80.33337344794577,0.015636141094734313,1.1536414433263475,0
2025-02-07 05:00:00,80.84647795222837,0.018903901960741692,1.0430793010912576,0
2025-02-07 06:00:00,81.91079495518764,0.019116370407946646,1.101653727934918,0
2025-02-07 07:00:00,78.24354943794822,0.016299889701178724,1.7852475412872653,0
2025-02-07 08:00:00,74.16440959841573,0.017412039373328976,0.5831774121002823,0
2025-02-07 09:00:00,75.73356843216662,0.035986471705047166,1.3449393299522217,1
2025-02-07 10:00:00,81.03254483254179,0.025609194479412387,0.9425104961199289,0
2025-02-07 11:00:00,70.91532164506381,0.017045196819708397,1.0574657808806018,0
2025-02-07 12:00:00,76.8433665443645,0.026969544045107357,0.9908975509397515,0
2025-02-07 13:00:00,73.0333059383632,0.016661805102439902,0.9151527333203913,0
2025-02-07 14:00:00,75.14372411467409,0.03173124637586641,0.8860334143522482,0
2025-02-07 15:00:00,81.39225931303649,0.02369642192198094,1.0659017471146017,0
2025-02-07 16:00:00,75.95549534009952,0.018926978559957713,0.6965652606656642,0
2025-02-07 17:00:00,75.23218274078074,0.024477169258102775,1.150115833504353,0
2025-02-07 18:00:00,68.2007192951004,0.004291238479315007,0.9167611190229492,0
2025-02-07 19:00:00,78.7312678301361,0.008732325310901947,0.7739861321919285,0
2025-02-07 20:00:00,78.22742090570537,0.008060749936009446,0.9099974284008372,0
2025-02-07 21:00:00,85.8162736165273,0.02142943094763707,1.2514298433725146,0
2025-02-07 22:00:00,73.461108825235,0.03732514999485092,0.8929329825967554,0
2025-02-07 23:00:00,76.0957516383197,0.04231300146192632,1.071690723641924,0
2025-02-08 00:00:00,76.24691841855378,0.02638051101440757,0.8538087448569054,0
2025-02-08 01:00:00,82.88726639881737,0.02500844474944457,1.151584369984724,0
2025-02-08 02:00:00,74.52352233806523,0.001989422658472611,1.1371015477580408,0
2025-02-08 03:00:00,76.39510762885169,0.014573262002659782,1.3697217666592822,1
2025-02-08 04:00:00,78.0394825485827,0.012122162480917612,0.9648872109001569,0
2025-02-08 05:00:00,75.9330456157818,0.01379152401748884,1.1337309609515813,0
2025-02-08 06:00:00,72.76783192724736,0.018318561814152104,1.0196135079077888,0
2025-02-08 07:00:00,75.97044996449154,0.015279094223028727,1.2591743563726028,0
2025-02-08 08:00:00,80.36815874929886,0.00020700189624212398,0.8562335224782539,0
2025-02-08 09:00:00,69.8674235029447,0.02747910256117534,1.1490010625754563,0
2025-02-08 10:00:00,75.66484837073438,0.009272569742601934,0.9610605407766637,0
2025-02-08 11:00:00,71.49939592530413,0.022392468641111496,0.9871623645783004,0
2025-02-08 12:00:00,80.97523314462421,0.04074082669749973,1.0183504968896746,0
2025-02-08 13:00:00,67.38406547608113,0.010806154084135766,1.0504480792853355,0
2025-02-08 14:00:00,72.20539076364206,-0.005302875227463297,0.9767541913756084,0
2025-02-08 15:00:00,76.8860593753226,0.01713995778119889,1.0429426366341052,0
2025-02-08 16:00:00,82.8276201461717,0.03100959634998571,1.315623611512437,0
2025-02-08 17:00:00,74.67124869463507,0.03958347454220594,1.1970899371230437,0
2025-02-08 18:00:00,72.22400236653401,0.0077045040554758314,1.1738309184993794,0
2025-02-08 19:00:00,84.40578534720295,0.024966992232365218,0.9088920947952258,0
2025-02-08 20:00:00,67.75993049791877,0.015346895432199466,0.8221518343543351,0
2025-02-08 21:00:00,64.00597021689958,0.018940516456958642,1.1910601116475505,0
2025-02-08 22:00:00,77.20007225026666,0.04644343347017035,1.1752093585059589,0
2025-02-08 23:00:00,72.48972887823695,0.004970296716048468,1.2945341351501964,0
2025-02-09 00:00:00,69.89383591434644,0.022537396614945734,0.8792038748061541,0
2025-02-09 01:00:00,78.54178223649677,0.02467693171765433,0.9540902689279306,0
2025-02-09 02:00:00,76.219003568856,0.03085786324939347,0.6721031674949132,0
2025-02-09 03:00:00,72.17960684631636,0.020979831534708955,0.9215057787878254,0
2025-02-09 04:00:00,68.59847800664552,0.023080505395041022,1.1993141021158895,0
2025-02-09 05:00:00,79.36228664140073,0.01608351432578209,0.9067009241543604,1
2025-02-09 06:00:00,78.2510058897933,0.022691269412451073,1.1280959590401647,0
2025-02-09 07:00:00,74.50412068110309,0.016568077245025896,0.9618993788004377,0
2025-02-09 08:00:00,84.23318498023833,0.02621571889856051,1.064811405644312,0
2025-02-09 09:00:00,69.64957616836924,0.01630389663956366,0.7704617220368666,0
2025-02-09 10:00:00,67.37237414537631,0.023771003939021866,1.0170418899267801,0
2025-02-09 11:00:00,71.54045965059377,0.019707371863150216,0.4017728058198553,0
2025-02-09 12:00:00,74.77206991822251,0.03126050250772168,0.962620768367603,0
2025-02-09 13:00:00,76.21669724661346,0.019486062764115138,0.6739053512569719,0
2025-02-09 14:00:00,73.79381971071835,0.002269675317931187,1.241198903309363,0
2025-02-09 15:00:00,76.76027698257148,0.03261921500713992,1.1554814705529022,0
2025-02-09 16:00:00,68.74230287904778,0.010942676991373811,1.0933341963932162,0
2025-02-09 17:00:00,82.2188230203663,0.013462336613511802,1.304201245431876,0
2025-02-09 18:00:00,74.58924410803715,0.01404338705956508,0.8102166958350325,0
2025-02-09 19:00:00,80.58647915794064,0.03374438093170817,1.3494726395831116,0
2025-02-09 20:00:00,76.71362673188852,-0.001356742139786954,1.186438312852077,0
2025-02-09 21:00:00,77.28376609576893,0.05137748533659994,0.9526889425562108,1
2025-02-09 22:00:00,77.84883640116102,0.030560568090660517,1.2271240294365888,0
2025-02-09 23:00:00,77.23854280008658,0.022232389141291598,0.7787412975176732,1
2025-02-10 00:00:00,78.21361379933772,0.019451059993837137,0.8350971676944653,0
2025-02-10 01:00:00,81.64576265066216,0.02285554074857657,0.8782820553520599,0
2025-02-10 02:00:00,75.98260584850735,0.025211224283793382,0.894204458387197,0
2025-02-10 03:00:00,78.54501878794257,0.02645215585950057,0.7886884714479494,1
2025-02-10 04:00:00,74.55132152856386,0.025556044660034485,1.244616613419065,0
2025-02-10 05:00:00,82.20058607724737,0.02089580681255249,0.9482291199260336,0
2025-02-10 06:00:00,71.61803848970365,0.01802661579692674,1.0705009936713759,0
2025-02-10 07:00:00,84.00470216455408,0.018487267163464882,0.8859297267172639,0
2025-02-10 08:00:00,74.79921024677829,0.01805091719647319,0.6358793398902965,0
2025-02-10 09:00:00,67.84612448940976,0.03133770096867065,1.0540114716782845,0
2025-02-10 10:00:00,75.64052207455394,0.02593556722280862,0.6175490049160446,0
2025-02-10 11:00:00,71.59474171262559,-0.009403886346642801,0.9862731907829063,0
2025-02-10 12:00:00,79.20321774494361,0.02655900776529761,0.726336992233438,0
2025-02-10 13:00:00,71.73688010348805,0.02194736194718775,1.3974551998461617,0
2025-02-10 14:00:00,72.7690828339261,0.019812912435541025,1.1822725444349445,0
2025-02-10 15:00:00,65.55229634527234,0.016114815469111143,1.021150758254296,0
2025-02-10 16:00:00,72.73846840375461,0.031241127199860136,1.2527413355309338,0
2025-02-10 17:00:00,62.88060336685522,0.029475264621228577,0.8307368045068528,0
2025-02-10 18:00:00,67.08048588257138,0.012271223321763908,1.1086958757340186,0
2025-02-10 19:00:00,78.80207328072149,0.02407052287124535,1.0399620867437427,0
2025-02-10 20:00:00,78.92900079325416,0.01028343265458714,1.052804016266734,0
2025-02-10 21:00:00,77.12728780892482,0.006203818352110695,1.2544707000213535,0
2025-02-10 22:00:00,70.16511928435393,0.013732827754100348,1.1464984205559605,0
2025-02-10 23:00:00,74.7614432192901,0.02862393472382759,1.0577447325650047,0
2025-02-11 00:00:00,74.98198730454716,0.029531250453760868,0.6690225127543408,0
2025-02-11 01:00:00,69.20817655403728,0.02513085420097293,0.8079907409441073,0
2025-02-11 02:00:00,82.51699150883576,0.02725095786847997,0.9754582132808551,0
2025-02-11 03:00:00,79.38681145287836,0.025161782871149584,1.0186744748553302,0
2025-02-11 04:00:00,73.89517913085169,0.013585184047770479,0.7739592550652152,0
2025-02-11 05:00:00,75.13442919497265,0.024319225446739406,1.4823353351156843,0
2025-02-11 06:00:00,76.04191403973776,0.028004095252276824,1.3032788110507145,0
2025-02-11 07:00:00,64.79132565787855,0.027542913298135744,1.1204236640784968,0
2025-02-11 08:00:00,73.76411308739702,0.03188913371474643,1.014407372256749,0
2025-02-11 09:00:00,71.59007876001101,0.02708303847201064,0.9575582060197697,0
2025-02-11 10:00:00,69.99189995052542,0.02351448207541583,0.8096163079955528,0
2025-02-11 11:00:00,73.59449853557022,0.030701502383164277,1.0154961037037724,0
2025-02-11 12:00:00,83.98843263424762,0.0197347874075094,1.05155050802855,0
2025-02-11 13:00:00,78.20421430633505,0.011181253487722823,0.7516478849036752,0
2025-02-11 14:00:00,72.14410505108602,0.01836933036056236,1.0668352834489796,0
2025-02-11 15:00:00,77.86291390678079,0.01255097355193551,0.9689481902350503,0
